-- generate_map.py가 자동 생성한 시드. 손으로 편집하지 말 것.
-- 적용: mysql -u parking -p parking < 002_seed.sql

INSERT INTO zones (zone_id) VALUES ('Z01') ON DUPLICATE KEY UPDATE zone_id = zone_id;
INSERT INTO zones (zone_id) VALUES ('Z02') ON DUPLICATE KEY UPDATE zone_id = zone_id;
INSERT INTO zones (zone_id) VALUES ('Z03') ON DUPLICATE KEY UPDATE zone_id = zone_id;
INSERT INTO zones (zone_id) VALUES ('Z04') ON DUPLICATE KEY UPDATE zone_id = zone_id;
INSERT INTO zones (zone_id) VALUES ('Z05') ON DUPLICATE KEY UPDATE zone_id = zone_id;
INSERT INTO zones (zone_id) VALUES ('Z06') ON DUPLICATE KEY UPDATE zone_id = zone_id;
INSERT INTO zones (zone_id) VALUES ('Z07') ON DUPLICATE KEY UPDATE zone_id = zone_id;
INSERT INTO zones (zone_id) VALUES ('Z08') ON DUPLICATE KEY UPDATE zone_id = zone_id;
INSERT INTO zones (zone_id) VALUES ('Z09') ON DUPLICATE KEY UPDATE zone_id = zone_id;
INSERT INTO zones (zone_id) VALUES ('Z10') ON DUPLICATE KEY UPDATE zone_id = zone_id;
INSERT INTO zones (zone_id) VALUES ('Z_ENTRANCE') ON DUPLICATE KEY UPDATE zone_id = zone_id;

INSERT INTO parking_slots (slot_id, x, y, is_accessible) VALUES ('A1', -11.9, -7.8, TRUE) ON DUPLICATE KEY UPDATE x = VALUES(x), y = VALUES(y), is_accessible = VALUES(is_accessible);
INSERT INTO parking_slots (slot_id, x, y, is_accessible) VALUES ('A2', -8.5, -7.8, TRUE) ON DUPLICATE KEY UPDATE x = VALUES(x), y = VALUES(y), is_accessible = VALUES(is_accessible);
INSERT INTO parking_slots (slot_id, x, y, is_accessible) VALUES ('A3', -5.1, -7.8, FALSE) ON DUPLICATE KEY UPDATE x = VALUES(x), y = VALUES(y), is_accessible = VALUES(is_accessible);
INSERT INTO parking_slots (slot_id, x, y, is_accessible) VALUES ('A4', -1.7, -7.8, FALSE) ON DUPLICATE KEY UPDATE x = VALUES(x), y = VALUES(y), is_accessible = VALUES(is_accessible);
INSERT INTO parking_slots (slot_id, x, y, is_accessible) VALUES ('A5', 1.7, -7.8, FALSE) ON DUPLICATE KEY UPDATE x = VALUES(x), y = VALUES(y), is_accessible = VALUES(is_accessible);
INSERT INTO parking_slots (slot_id, x, y, is_accessible) VALUES ('A6', 5.1, -7.8, FALSE) ON DUPLICATE KEY UPDATE x = VALUES(x), y = VALUES(y), is_accessible = VALUES(is_accessible);
INSERT INTO parking_slots (slot_id, x, y, is_accessible) VALUES ('A7', 8.5, -7.8, FALSE) ON DUPLICATE KEY UPDATE x = VALUES(x), y = VALUES(y), is_accessible = VALUES(is_accessible);
INSERT INTO parking_slots (slot_id, x, y, is_accessible) VALUES ('A8', 11.9, -7.8, FALSE) ON DUPLICATE KEY UPDATE x = VALUES(x), y = VALUES(y), is_accessible = VALUES(is_accessible);
INSERT INTO parking_slots (slot_id, x, y, is_accessible) VALUES ('B1', -11.9, 7.8, FALSE) ON DUPLICATE KEY UPDATE x = VALUES(x), y = VALUES(y), is_accessible = VALUES(is_accessible);
INSERT INTO parking_slots (slot_id, x, y, is_accessible) VALUES ('B2', -8.5, 7.8, FALSE) ON DUPLICATE KEY UPDATE x = VALUES(x), y = VALUES(y), is_accessible = VALUES(is_accessible);
INSERT INTO parking_slots (slot_id, x, y, is_accessible) VALUES ('B3', -5.1, 7.8, FALSE) ON DUPLICATE KEY UPDATE x = VALUES(x), y = VALUES(y), is_accessible = VALUES(is_accessible);
INSERT INTO parking_slots (slot_id, x, y, is_accessible) VALUES ('B4', -1.7, 7.8, FALSE) ON DUPLICATE KEY UPDATE x = VALUES(x), y = VALUES(y), is_accessible = VALUES(is_accessible);
INSERT INTO parking_slots (slot_id, x, y, is_accessible) VALUES ('B5', 1.7, 7.8, FALSE) ON DUPLICATE KEY UPDATE x = VALUES(x), y = VALUES(y), is_accessible = VALUES(is_accessible);
INSERT INTO parking_slots (slot_id, x, y, is_accessible) VALUES ('B6', 5.1, 7.8, FALSE) ON DUPLICATE KEY UPDATE x = VALUES(x), y = VALUES(y), is_accessible = VALUES(is_accessible);
INSERT INTO parking_slots (slot_id, x, y, is_accessible) VALUES ('B7', 8.5, 7.8, FALSE) ON DUPLICATE KEY UPDATE x = VALUES(x), y = VALUES(y), is_accessible = VALUES(is_accessible);
INSERT INTO parking_slots (slot_id, x, y, is_accessible) VALUES ('B8', 11.9, 7.8, FALSE) ON DUPLICATE KEY UPDATE x = VALUES(x), y = VALUES(y), is_accessible = VALUES(is_accessible);

INSERT INTO parking_lot_edges (u, v, dist_m, zone_id) VALUES ('J0', 'J1', 3.4, 'Z01') ON DUPLICATE KEY UPDATE dist_m = VALUES(dist_m), zone_id = VALUES(zone_id);
INSERT INTO parking_lot_edges (u, v, dist_m, zone_id) VALUES ('J1', 'J2', 3.4, 'Z02') ON DUPLICATE KEY UPDATE dist_m = VALUES(dist_m), zone_id = VALUES(zone_id);
INSERT INTO parking_lot_edges (u, v, dist_m, zone_id) VALUES ('J2', 'J3', 3.4, 'Z03') ON DUPLICATE KEY UPDATE dist_m = VALUES(dist_m), zone_id = VALUES(zone_id);
INSERT INTO parking_lot_edges (u, v, dist_m, zone_id) VALUES ('J3', 'J4', 3.4, 'Z04') ON DUPLICATE KEY UPDATE dist_m = VALUES(dist_m), zone_id = VALUES(zone_id);
INSERT INTO parking_lot_edges (u, v, dist_m, zone_id) VALUES ('J4', 'J5', 3.4, 'Z05') ON DUPLICATE KEY UPDATE dist_m = VALUES(dist_m), zone_id = VALUES(zone_id);
INSERT INTO parking_lot_edges (u, v, dist_m, zone_id) VALUES ('J5', 'J6', 3.4, 'Z06') ON DUPLICATE KEY UPDATE dist_m = VALUES(dist_m), zone_id = VALUES(zone_id);
INSERT INTO parking_lot_edges (u, v, dist_m, zone_id) VALUES ('J6', 'J7', 3.4, 'Z07') ON DUPLICATE KEY UPDATE dist_m = VALUES(dist_m), zone_id = VALUES(zone_id);
INSERT INTO parking_lot_edges (u, v, dist_m, zone_id) VALUES ('J7', 'J8', 3.4, 'Z08') ON DUPLICATE KEY UPDATE dist_m = VALUES(dist_m), zone_id = VALUES(zone_id);
INSERT INTO parking_lot_edges (u, v, dist_m, zone_id) VALUES ('J8', 'J9', 3.4, 'Z09') ON DUPLICATE KEY UPDATE dist_m = VALUES(dist_m), zone_id = VALUES(zone_id);
INSERT INTO parking_lot_edges (u, v, dist_m, zone_id) VALUES ('J10', 'J9', 3.4, 'Z10') ON DUPLICATE KEY UPDATE dist_m = VALUES(dist_m), zone_id = VALUES(zone_id);
INSERT INTO parking_lot_edges (u, v, dist_m, zone_id) VALUES ('J0', 'entrance', 1.1, 'Z_ENTRANCE') ON DUPLICATE KEY UPDATE dist_m = VALUES(dist_m), zone_id = VALUES(zone_id);
INSERT INTO parking_lot_edges (u, v, dist_m, zone_id) VALUES ('J0', 'dock_wait_A', 7.983, NULL) ON DUPLICATE KEY UPDATE dist_m = VALUES(dist_m), zone_id = VALUES(zone_id);
INSERT INTO parking_lot_edges (u, v, dist_m, zone_id) VALUES ('J1', 'dock_wait_A', 7.983, NULL) ON DUPLICATE KEY UPDATE dist_m = VALUES(dist_m), zone_id = VALUES(zone_id);
INSERT INTO parking_lot_edges (u, v, dist_m, zone_id) VALUES ('A1', 'J1', 7.983, NULL) ON DUPLICATE KEY UPDATE dist_m = VALUES(dist_m), zone_id = VALUES(zone_id);
INSERT INTO parking_lot_edges (u, v, dist_m, zone_id) VALUES ('A1', 'J2', 7.983, NULL) ON DUPLICATE KEY UPDATE dist_m = VALUES(dist_m), zone_id = VALUES(zone_id);
INSERT INTO parking_lot_edges (u, v, dist_m, zone_id) VALUES ('A2', 'J2', 7.983, NULL) ON DUPLICATE KEY UPDATE dist_m = VALUES(dist_m), zone_id = VALUES(zone_id);
INSERT INTO parking_lot_edges (u, v, dist_m, zone_id) VALUES ('A2', 'J3', 7.983, NULL) ON DUPLICATE KEY UPDATE dist_m = VALUES(dist_m), zone_id = VALUES(zone_id);
INSERT INTO parking_lot_edges (u, v, dist_m, zone_id) VALUES ('A3', 'J3', 7.983, NULL) ON DUPLICATE KEY UPDATE dist_m = VALUES(dist_m), zone_id = VALUES(zone_id);
INSERT INTO parking_lot_edges (u, v, dist_m, zone_id) VALUES ('A3', 'J4', 7.983, NULL) ON DUPLICATE KEY UPDATE dist_m = VALUES(dist_m), zone_id = VALUES(zone_id);
INSERT INTO parking_lot_edges (u, v, dist_m, zone_id) VALUES ('A4', 'J4', 7.983, NULL) ON DUPLICATE KEY UPDATE dist_m = VALUES(dist_m), zone_id = VALUES(zone_id);
INSERT INTO parking_lot_edges (u, v, dist_m, zone_id) VALUES ('A4', 'J5', 7.983, NULL) ON DUPLICATE KEY UPDATE dist_m = VALUES(dist_m), zone_id = VALUES(zone_id);
INSERT INTO parking_lot_edges (u, v, dist_m, zone_id) VALUES ('A5', 'J5', 7.983, NULL) ON DUPLICATE KEY UPDATE dist_m = VALUES(dist_m), zone_id = VALUES(zone_id);
INSERT INTO parking_lot_edges (u, v, dist_m, zone_id) VALUES ('A5', 'J6', 7.983, NULL) ON DUPLICATE KEY UPDATE dist_m = VALUES(dist_m), zone_id = VALUES(zone_id);
INSERT INTO parking_lot_edges (u, v, dist_m, zone_id) VALUES ('A6', 'J6', 7.983, NULL) ON DUPLICATE KEY UPDATE dist_m = VALUES(dist_m), zone_id = VALUES(zone_id);
INSERT INTO parking_lot_edges (u, v, dist_m, zone_id) VALUES ('A6', 'J7', 7.983, NULL) ON DUPLICATE KEY UPDATE dist_m = VALUES(dist_m), zone_id = VALUES(zone_id);
INSERT INTO parking_lot_edges (u, v, dist_m, zone_id) VALUES ('A7', 'J7', 7.983, NULL) ON DUPLICATE KEY UPDATE dist_m = VALUES(dist_m), zone_id = VALUES(zone_id);
INSERT INTO parking_lot_edges (u, v, dist_m, zone_id) VALUES ('A7', 'J8', 7.983, NULL) ON DUPLICATE KEY UPDATE dist_m = VALUES(dist_m), zone_id = VALUES(zone_id);
INSERT INTO parking_lot_edges (u, v, dist_m, zone_id) VALUES ('A8', 'J8', 7.983, NULL) ON DUPLICATE KEY UPDATE dist_m = VALUES(dist_m), zone_id = VALUES(zone_id);
INSERT INTO parking_lot_edges (u, v, dist_m, zone_id) VALUES ('A8', 'J9', 7.983, NULL) ON DUPLICATE KEY UPDATE dist_m = VALUES(dist_m), zone_id = VALUES(zone_id);
INSERT INTO parking_lot_edges (u, v, dist_m, zone_id) VALUES ('J9', 'dock_charge_A', 7.983, NULL) ON DUPLICATE KEY UPDATE dist_m = VALUES(dist_m), zone_id = VALUES(zone_id);
INSERT INTO parking_lot_edges (u, v, dist_m, zone_id) VALUES ('J10', 'dock_charge_A', 7.983, NULL) ON DUPLICATE KEY UPDATE dist_m = VALUES(dist_m), zone_id = VALUES(zone_id);
INSERT INTO parking_lot_edges (u, v, dist_m, zone_id) VALUES ('J0', 'dock_wait_B', 7.983, NULL) ON DUPLICATE KEY UPDATE dist_m = VALUES(dist_m), zone_id = VALUES(zone_id);
INSERT INTO parking_lot_edges (u, v, dist_m, zone_id) VALUES ('J1', 'dock_wait_B', 7.983, NULL) ON DUPLICATE KEY UPDATE dist_m = VALUES(dist_m), zone_id = VALUES(zone_id);
INSERT INTO parking_lot_edges (u, v, dist_m, zone_id) VALUES ('B1', 'J1', 7.983, NULL) ON DUPLICATE KEY UPDATE dist_m = VALUES(dist_m), zone_id = VALUES(zone_id);
INSERT INTO parking_lot_edges (u, v, dist_m, zone_id) VALUES ('B1', 'J2', 7.983, NULL) ON DUPLICATE KEY UPDATE dist_m = VALUES(dist_m), zone_id = VALUES(zone_id);
INSERT INTO parking_lot_edges (u, v, dist_m, zone_id) VALUES ('B2', 'J2', 7.983, NULL) ON DUPLICATE KEY UPDATE dist_m = VALUES(dist_m), zone_id = VALUES(zone_id);
INSERT INTO parking_lot_edges (u, v, dist_m, zone_id) VALUES ('B2', 'J3', 7.983, NULL) ON DUPLICATE KEY UPDATE dist_m = VALUES(dist_m), zone_id = VALUES(zone_id);
INSERT INTO parking_lot_edges (u, v, dist_m, zone_id) VALUES ('B3', 'J3', 7.983, NULL) ON DUPLICATE KEY UPDATE dist_m = VALUES(dist_m), zone_id = VALUES(zone_id);
INSERT INTO parking_lot_edges (u, v, dist_m, zone_id) VALUES ('B3', 'J4', 7.983, NULL) ON DUPLICATE KEY UPDATE dist_m = VALUES(dist_m), zone_id = VALUES(zone_id);
INSERT INTO parking_lot_edges (u, v, dist_m, zone_id) VALUES ('B4', 'J4', 7.983, NULL) ON DUPLICATE KEY UPDATE dist_m = VALUES(dist_m), zone_id = VALUES(zone_id);
INSERT INTO parking_lot_edges (u, v, dist_m, zone_id) VALUES ('B4', 'J5', 7.983, NULL) ON DUPLICATE KEY UPDATE dist_m = VALUES(dist_m), zone_id = VALUES(zone_id);
INSERT INTO parking_lot_edges (u, v, dist_m, zone_id) VALUES ('B5', 'J5', 7.983, NULL) ON DUPLICATE KEY UPDATE dist_m = VALUES(dist_m), zone_id = VALUES(zone_id);
INSERT INTO parking_lot_edges (u, v, dist_m, zone_id) VALUES ('B5', 'J6', 7.983, NULL) ON DUPLICATE KEY UPDATE dist_m = VALUES(dist_m), zone_id = VALUES(zone_id);
INSERT INTO parking_lot_edges (u, v, dist_m, zone_id) VALUES ('B6', 'J6', 7.983, NULL) ON DUPLICATE KEY UPDATE dist_m = VALUES(dist_m), zone_id = VALUES(zone_id);
INSERT INTO parking_lot_edges (u, v, dist_m, zone_id) VALUES ('B6', 'J7', 7.983, NULL) ON DUPLICATE KEY UPDATE dist_m = VALUES(dist_m), zone_id = VALUES(zone_id);
INSERT INTO parking_lot_edges (u, v, dist_m, zone_id) VALUES ('B7', 'J7', 7.983, NULL) ON DUPLICATE KEY UPDATE dist_m = VALUES(dist_m), zone_id = VALUES(zone_id);
INSERT INTO parking_lot_edges (u, v, dist_m, zone_id) VALUES ('B7', 'J8', 7.983, NULL) ON DUPLICATE KEY UPDATE dist_m = VALUES(dist_m), zone_id = VALUES(zone_id);
INSERT INTO parking_lot_edges (u, v, dist_m, zone_id) VALUES ('B8', 'J8', 7.983, NULL) ON DUPLICATE KEY UPDATE dist_m = VALUES(dist_m), zone_id = VALUES(zone_id);
INSERT INTO parking_lot_edges (u, v, dist_m, zone_id) VALUES ('B8', 'J9', 7.983, NULL) ON DUPLICATE KEY UPDATE dist_m = VALUES(dist_m), zone_id = VALUES(zone_id);
INSERT INTO parking_lot_edges (u, v, dist_m, zone_id) VALUES ('J9', 'dock_charge_B', 7.983, NULL) ON DUPLICATE KEY UPDATE dist_m = VALUES(dist_m), zone_id = VALUES(zone_id);
INSERT INTO parking_lot_edges (u, v, dist_m, zone_id) VALUES ('J10', 'dock_charge_B', 7.983, NULL) ON DUPLICATE KEY UPDATE dist_m = VALUES(dist_m), zone_id = VALUES(zone_id);
